filepath,reason
data/template-generated-raw/tier1/17/google_gemini-2.5-flash.txt,JSONDecodeError
data/template-generated-raw/tier1/103/google_gemini-2.5-flash.txt,JSONDecodeError
data/template-generated-raw/tier1/216/google_gemini-2.5-flash.txt,JSONDecodeError
data/template-generated-raw/tier1/317/google_gemini-2.5-flash.txt,JSONDecodeError
data/template-generated-raw/tier1/618/google_gemini-2.5-flash.txt,JSONDecodeError
data/template-generated-raw/tier1/675/google_gemini-2.5-flash.txt,JSONDecodeError
data/template-generated-raw/tier1/691/google_gemini-2.5-flash.txt,JSONDecodeError
data/template-generated-raw/tier1/774/google_gemini-2.5-flash.txt,JSONDecodeError
data/template-generated-raw/tier1/803/google_gemini-2.5-flash.txt,JSONDecodeError
data/template-generated-raw/tier1/816/google_gemini-2.5-flash.txt,JSONDecodeError
data/template-generated-raw/tier1/938/google_gemini-2.5-flash.txt,JSONDecodeError
data/template-generated-raw/tier1/1029/google_gemini-2.5-flash.txt,JSONDecodeError
data/template-generated-raw/tier1/1116/google_gemini-2.5-flash.txt,JSONDecodeError
data/template-generated-raw/tier1/1119/google_gemini-2.5-flash.txt,JSONDecodeError
data/template-generated-raw/tier1/1170/google_gemini-2.5-flash.txt,JSONDecodeError
data/template-generated-raw/tier1/1211/google_gemini-2.5-flash.txt,JSONDecodeError
data/template-generated-raw/tier1/1313/google_gemini-2.5-flash.txt,JSONDecodeError
data/template-generated-raw/tier1/1506/google_gemini-2.5-flash.txt,JSONDecodeError
data/template-generated-raw/tier1/1511/google_gemini-2.5-flash.txt,JSONDecodeError
data/template-generated-raw/tier1/1680/google_gemini-2.5-flash.txt,JSONDecodeError
data/template-generated-raw/tier1/1707/google_gemini-2.5-flash.txt,JSONDecodeError
data/template-generated-raw/tier1/1732/google_gemini-2.5-flash.txt,JSONDecodeError
data/template-generated-raw/tier1/1752/google_gemini-2.5-flash.txt,JSONDecodeError
data/template-generated-raw/tier1/1764/google_gemini-2.5-flash.txt,JSONDecodeError
data/template-generated-raw/tier1/1910/google_gemini-2.5-flash.txt,JSONDecodeError
data/template-generated-raw/tier1/1934/google_gemini-2.5-flash.txt,JSONDecodeError
data/template-generated-raw/tier1/1943/google_gemini-2.5-flash.txt,JSONDecodeError
data/template-generated-raw/tier1/1973/google_gemini-2.5-flash.txt,JSONDecodeError
data/template-generated-raw/tier1/2126/google_gemini-2.5-flash.txt,JSONDecodeError
data/template-generated-raw/tier1/2164/google_gemini-2.5-flash.txt,JSONDecodeError
data/template-generated-raw/tier1/2183/google_gemini-2.5-flash.txt,JSONDecodeError
data/template-generated-raw/tier1/2232/google_gemini-2.5-flash.txt,JSONDecodeError
data/template-generated-raw/tier1/2241/google_gemini-2.5-flash.txt,JSONDecodeError
data/template-generated-raw/tier1/2249/google_gemini-2.5-flash.txt,JSONDecodeError
data/template-generated-raw/tier1/2291/google_gemini-2.5-flash.txt,JSONDecodeError
data/template-generated-raw/tier1/2303/google_gemini-2.5-flash.txt,JSONDecodeError
data/template-generated-raw/tier1/2309/google_gemini-2.5-flash.txt,JSONDecodeError
data/template-generated-raw/tier1/2338/google_gemini-2.5-flash.txt,JSONDecodeError
data/template-generated-raw/tier1/2340/google_gemini-2.5-flash.txt,JSONDecodeError
data/template-generated-raw/tier1/2345/google_gemini-2.5-flash.txt,JSONDecodeError
data/template-generated-raw/tier1/2494/google_gemini-2.5-flash.txt,JSONDecodeError
data/template-generated-raw/tier1/2582/google_gemini-2.5-flash.txt,JSONDecodeError
data/template-generated-raw/tier1/2652/google_gemini-2.5-flash.txt,JSONDecodeError
data/template-generated-raw/tier1/2714/google_gemini-2.5-flash.txt,JSONDecodeError
data/template-generated-raw/tier1/2735/google_gemini-2.5-flash.txt,JSONDecodeError
data/template-generated-raw/tier1/2769/google_gemini-2.5-flash.txt,JSONDecodeError
data/template-generated-raw/tier1/2830/google_gemini-2.5-flash.txt,JSONDecodeError
data/template-generated-raw/tier1/2954/google_gemini-2.5-flash.txt,JSONDecodeError
data/template-generated-raw/tier3/29/google_gemini-2.5-flash.txt,JSONDecodeError
data/template-generated-raw/tier3/197/google_gemini-2.5-flash.txt,JSONDecodeError
data/template-generated-raw/tier3/304/openai_gpt-4.1.txt,FileNotFound
data/template-generated-raw/tier3/393/google_gemini-2.5-flash.txt,JSONDecodeError
data/template-generated-raw/tier3/414/google_gemini-2.5-flash.txt,JSONDecodeError
data/template-generated-raw/tier3/657/openai_gpt-4.1.txt,FileNotFound
data/template-generated-raw/tier3/658/openai_gpt-4.1.txt,FileNotFound
data/template-generated-raw/tier3/660/openai_gpt-4.1.txt,FileNotFound
data/template-generated-raw/tier3/661/openai_gpt-4.1.txt,FileNotFound
data/template-generated-raw/tier3/662/openai_gpt-4.1.txt,FileNotFound
data/template-generated-raw/tier3/667/openai_gpt-4.1.txt,FileNotFound
data/template-generated-raw/tier3/668/openai_gpt-4.1.txt,FileNotFound
data/template-generated-raw/tier3/669/openai_gpt-4.1.txt,FileNotFound
data/template-generated-raw/tier3/671/openai_gpt-4.1.txt,FileNotFound
data/template-generated-raw/tier3/678/openai_gpt-4.1.txt,FileNotFound
data/template-generated-raw/tier3/681/openai_gpt-4.1.txt,FileNotFound
data/template-generated-raw/tier3/683/openai_gpt-4.1.txt,FileNotFound
data/template-generated-raw/tier3/684/openai_gpt-4.1.txt,FileNotFound
data/template-generated-raw/tier3/685/openai_gpt-4.1.txt,FileNotFound
data/template-generated-raw/tier3/686/openai_gpt-4.1.txt,FileNotFound
data/template-generated-raw/tier3/687/openai_gpt-4.1.txt,FileNotFound
data/template-generated-raw/tier3/690/openai_gpt-4.1.txt,FileNotFound
data/template-generated-raw/tier3/692/openai_gpt-4.1.txt,FileNotFound
data/template-generated-raw/tier3/694/openai_gpt-4.1.txt,FileNotFound
data/template-generated-raw/tier3/695/openai_gpt-4.1.txt,FileNotFound
data/template-generated-raw/tier3/701/openai_gpt-4.1.txt,FileNotFound
data/template-generated-raw/tier3/703/openai_gpt-4.1.txt,FileNotFound
data/template-generated-raw/tier3/704/openai_gpt-4.1.txt,FileNotFound
data/template-generated-raw/tier3/708/openai_gpt-4.1.txt,FileNotFound
data/template-generated-raw/tier3/709/openai_gpt-4.1.txt,FileNotFound
data/template-generated-raw/tier3/711/openai_gpt-4.1.txt,FileNotFound
data/template-generated-raw/tier3/720/openai_gpt-4.1.txt,FileNotFound
data/template-generated-raw/tier3/724/openai_gpt-4.1.txt,FileNotFound
data/template-generated-raw/tier3/733/openai_gpt-4.1.txt,FileNotFound
data/template-generated-raw/tier3/735/openai_gpt-4.1.txt,FileNotFound
data/template-generated-raw/tier3/738/openai_gpt-4.1.txt,FileNotFound
data/template-generated-raw/tier3/739/openai_gpt-4.1.txt,FileNotFound
data/template-generated-raw/tier3/740/openai_gpt-4.1.txt,FileNotFound
data/template-generated-raw/tier3/750/openai_gpt-4.1.txt,FileNotFound
data/template-generated-raw/tier3/751/openai_gpt-4.1.txt,FileNotFound
data/template-generated-raw/tier3/755/openai_gpt-4.1.txt,FileNotFound
data/template-generated-raw/tier3/756/openai_gpt-4.1.txt,FileNotFound
data/template-generated-raw/tier3/761/openai_gpt-4.1.txt,FileNotFound
data/template-generated-raw/tier3/764/openai_gpt-4.1.txt,FileNotFound
data/template-generated-raw/tier3/767/openai_gpt-4.1.txt,FileNotFound
data/template-generated-raw/tier3/768/openai_gpt-4.1.txt,FileNotFound
data/template-generated-raw/tier3/770/openai_gpt-4.1.txt,FileNotFound
data/template-generated-raw/tier3/771/openai_gpt-4.1.txt,FileNotFound
data/template-generated-raw/tier3/772/openai_gpt-4.1.txt,FileNotFound
data/template-generated-raw/tier3/776/openai_gpt-4.1.txt,FileNotFound
data/template-generated-raw/tier3/782/openai_gpt-4.1.txt,FileNotFound
data/template-generated-raw/tier3/783/openai_gpt-4.1.txt,FileNotFound
data/template-generated-raw/tier3/784/openai_gpt-4.1.txt,FileNotFound
data/template-generated-raw/tier3/785/openai_gpt-4.1.txt,FileNotFound
data/template-generated-raw/tier3/786/openai_gpt-4.1.txt,FileNotFound
data/template-generated-raw/tier3/790/openai_gpt-4.1.txt,FileNotFound
data/template-generated-raw/tier3/791/openai_gpt-4.1.txt,FileNotFound
data/template-generated-raw/tier3/793/openai_gpt-4.1.txt,FileNotFound
data/template-generated-raw/tier3/794/openai_gpt-4.1.txt,FileNotFound
data/template-generated-raw/tier3/798/openai_gpt-4.1.txt,FileNotFound
data/template-generated-raw/tier3/802/openai_gpt-4.1.txt,FileNotFound
data/template-generated-raw/tier3/805/openai_gpt-4.1.txt,FileNotFound
data/template-generated-raw/tier3/806/openai_gpt-4.1.txt,FileNotFound
data/template-generated-raw/tier3/808/openai_gpt-4.1.txt,FileNotFound
data/template-generated-raw/tier3/810/openai_gpt-4.1.txt,FileNotFound
data/template-generated-raw/tier3/811/openai_gpt-4.1.txt,FileNotFound
data/template-generated-raw/tier3/812/openai_gpt-4.1.txt,FileNotFound
data/template-generated-raw/tier3/815/openai_gpt-4.1.txt,FileNotFound
data/template-generated-raw/tier3/818/openai_gpt-4.1.txt,FileNotFound
data/template-generated-raw/tier3/819/openai_gpt-4.1.txt,FileNotFound
data/template-generated-raw/tier3/822/openai_gpt-4.1.txt,FileNotFound
data/template-generated-raw/tier3/824/openai_gpt-4.1.txt,FileNotFound
data/template-generated-raw/tier3/830/openai_gpt-4.1.txt,FileNotFound
data/template-generated-raw/tier3/832/openai_gpt-4.1.txt,FileNotFound
data/template-generated-raw/tier3/833/openai_gpt-4.1.txt,FileNotFound
data/template-generated-raw/tier3/837/openai_gpt-4.1.txt,FileNotFound
data/template-generated-raw/tier3/840/openai_gpt-4.1.txt,FileNotFound
data/template-generated-raw/tier3/841/openai_gpt-4.1.txt,FileNotFound
data/template-generated-raw/tier3/842/openai_gpt-4.1.txt,FileNotFound
data/template-generated-raw/tier3/843/openai_gpt-4.1.txt,FileNotFound
data/template-generated-raw/tier3/845/openai_gpt-4.1.txt,FileNotFound
data/template-generated-raw/tier3/847/openai_gpt-4.1.txt,FileNotFound
data/template-generated-raw/tier3/848/openai_gpt-4.1.txt,FileNotFound
data/template-generated-raw/tier3/849/openai_gpt-4.1.txt,FileNotFound
data/template-generated-raw/tier3/850/openai_gpt-4.1.txt,FileNotFound
data/template-generated-raw/tier3/851/openai_gpt-4.1.txt,FileNotFound
data/template-generated-raw/tier3/853/openai_gpt-4.1.txt,FileNotFound
data/template-generated-raw/tier3/857/openai_gpt-4.1.txt,FileNotFound
data/template-generated-raw/tier3/858/openai_gpt-4.1.txt,FileNotFound
data/template-generated-raw/tier3/859/openai_gpt-4.1.txt,FileNotFound
data/template-generated-raw/tier3/862/openai_gpt-4.1.txt,FileNotFound
data/template-generated-raw/tier3/868/openai_gpt-4.1.txt,FileNotFound
data/template-generated-raw/tier3/869/openai_gpt-4.1.txt,FileNotFound
data/template-generated-raw/tier3/874/openai_gpt-4.1.txt,FileNotFound
data/template-generated-raw/tier3/876/openai_gpt-4.1.txt,FileNotFound
data/template-generated-raw/tier3/877/openai_gpt-4.1.txt,FileNotFound
data/template-generated-raw/tier3/879/openai_gpt-4.1.txt,FileNotFound
data/template-generated-raw/tier3/889/openai_gpt-4.1.txt,FileNotFound
data/template-generated-raw/tier3/895/openai_gpt-4.1.txt,FileNotFound
data/template-generated-raw/tier3/899/openai_gpt-4.1.txt,FileNotFound
data/template-generated-raw/tier3/901/openai_gpt-4.1.txt,FileNotFound
data/template-generated-raw/tier3/902/openai_gpt-4.1.txt,FileNotFound
data/template-generated-raw/tier3/907/openai_gpt-4.1.txt,FileNotFound
data/template-generated-raw/tier3/909/openai_gpt-4.1.txt,FileNotFound
data/template-generated-raw/tier3/910/openai_gpt-4.1.txt,FileNotFound
data/template-generated-raw/tier3/912/openai_gpt-4.1.txt,FileNotFound
data/template-generated-raw/tier3/913/openai_gpt-4.1.txt,FileNotFound
data/template-generated-raw/tier3/914/openai_gpt-4.1.txt,FileNotFound
data/template-generated-raw/tier3/921/openai_gpt-4.1.txt,FileNotFound
data/template-generated-raw/tier3/922/openai_gpt-4.1.txt,FileNotFound
data/template-generated-raw/tier3/924/openai_gpt-4.1.txt,FileNotFound
data/template-generated-raw/tier3/927/openai_gpt-4.1.txt,FileNotFound
data/template-generated-raw/tier3/928/openai_gpt-4.1.txt,FileNotFound
data/template-generated-raw/tier3/931/openai_gpt-4.1.txt,FileNotFound
data/template-generated-raw/tier3/935/openai_gpt-4.1.txt,FileNotFound
data/template-generated-raw/tier3/936/openai_gpt-4.1.txt,FileNotFound
data/template-generated-raw/tier3/939/openai_gpt-4.1.txt,FileNotFound
data/template-generated-raw/tier3/940/openai_gpt-4.1.txt,FileNotFound
data/template-generated-raw/tier3/944/openai_gpt-4.1.txt,FileNotFound
data/template-generated-raw/tier3/950/openai_gpt-4.1.txt,FileNotFound
data/template-generated-raw/tier3/956/openai_gpt-4.1.txt,FileNotFound
data/template-generated-raw/tier3/957/openai_gpt-4.1.txt,FileNotFound
data/template-generated-raw/tier3/959/openai_gpt-4.1.txt,FileNotFound
data/template-generated-raw/tier3/961/openai_gpt-4.1.txt,FileNotFound
data/template-generated-raw/tier3/962/openai_gpt-4.1.txt,FileNotFound
data/template-generated-raw/tier3/963/openai_gpt-4.1.txt,FileNotFound
data/template-generated-raw/tier3/964/openai_gpt-4.1.txt,FileNotFound
data/template-generated-raw/tier3/965/openai_gpt-4.1.txt,FileNotFound
data/template-generated-raw/tier3/966/openai_gpt-4.1.txt,FileNotFound
data/template-generated-raw/tier3/967/openai_gpt-4.1.txt,FileNotFound
data/template-generated-raw/tier3/968/openai_gpt-4.1.txt,FileNotFound
data/template-generated-raw/tier3/969/openai_gpt-4.1.txt,FileNotFound
data/template-generated-raw/tier3/971/openai_gpt-4.1.txt,FileNotFound
data/template-generated-raw/tier3/973/openai_gpt-4.1.txt,FileNotFound
data/template-generated-raw/tier3/974/openai_gpt-4.1.txt,FileNotFound
data/template-generated-raw/tier3/976/openai_gpt-4.1.txt,FileNotFound
data/template-generated-raw/tier3/983/openai_gpt-4.1.txt,FileNotFound
data/template-generated-raw/tier3/984/openai_gpt-4.1.txt,FileNotFound
data/template-generated-raw/tier3/985/openai_gpt-4.1.txt,FileNotFound
data/template-generated-raw/tier3/986/openai_gpt-4.1.txt,FileNotFound
data/template-generated-raw/tier3/988/openai_gpt-4.1.txt,FileNotFound
data/template-generated-raw/tier3/989/openai_gpt-4.1.txt,FileNotFound
data/template-generated-raw/tier3/991/openai_gpt-4.1.txt,FileNotFound
data/template-generated-raw/tier3/992/openai_gpt-4.1.txt,FileNotFound
data/template-generated-raw/tier3/994/openai_gpt-4.1.txt,FileNotFound
data/template-generated-raw/tier3/997/openai_gpt-4.1.txt,FileNotFound
data/template-generated-raw/tier3/1000/openai_gpt-4.1.txt,FileNotFound
data/template-generated-raw/tier3/1002/openai_gpt-4.1.txt,FileNotFound
data/template-generated-raw/tier3/1003/openai_gpt-4.1.txt,FileNotFound
data/template-generated-raw/tier3/1011/openai_gpt-4.1.txt,FileNotFound
data/template-generated-raw/tier3/1013/openai_gpt-4.1.txt,FileNotFound
data/template-generated-raw/tier3/1016/openai_gpt-4.1.txt,FileNotFound
data/template-generated-raw/tier3/1017/openai_gpt-4.1.txt,FileNotFound
data/template-generated-raw/tier3/1018/openai_gpt-4.1.txt,FileNotFound
data/template-generated-raw/tier3/1022/openai_gpt-4.1.txt,FileNotFound
data/template-generated-raw/tier3/1025/openai_gpt-4.1.txt,FileNotFound
data/template-generated-raw/tier3/1028/openai_gpt-4.1.txt,FileNotFound
data/template-generated-raw/tier3/1031/openai_gpt-4.1.txt,FileNotFound
data/template-generated-raw/tier3/1032/openai_gpt-4.1.txt,FileNotFound
data/template-generated-raw/tier3/1034/openai_gpt-4.1.txt,FileNotFound
data/template-generated-raw/tier3/1035/openai_gpt-4.1.txt,FileNotFound
data/template-generated-raw/tier3/1036/openai_gpt-4.1.txt,FileNotFound
data/template-generated-raw/tier3/1038/openai_gpt-4.1.txt,FileNotFound
data/template-generated-raw/tier3/1039/openai_gpt-4.1.txt,FileNotFound
data/template-generated-raw/tier3/1040/openai_gpt-4.1.txt,FileNotFound
data/template-generated-raw/tier3/1042/openai_gpt-4.1.txt,FileNotFound
data/template-generated-raw/tier3/1045/openai_gpt-4.1.txt,FileNotFound
data/template-generated-raw/tier3/1046/openai_gpt-4.1.txt,FileNotFound
data/template-generated-raw/tier3/1047/openai_gpt-4.1.txt,FileNotFound
data/template-generated-raw/tier3/1052/openai_gpt-4.1.txt,FileNotFound
data/template-generated-raw/tier3/1055/openai_gpt-4.1.txt,FileNotFound
data/template-generated-raw/tier3/1056/openai_gpt-4.1.txt,FileNotFound
data/template-generated-raw/tier3/1058/openai_gpt-4.1.txt,FileNotFound
data/template-generated-raw/tier3/1060/openai_gpt-4.1.txt,FileNotFound
data/template-generated-raw/tier3/1061/openai_gpt-4.1.txt,FileNotFound
data/template-generated-raw/tier3/1063/openai_gpt-4.1.txt,FileNotFound
data/template-generated-raw/tier3/1067/openai_gpt-4.1.txt,FileNotFound
data/template-generated-raw/tier3/1073/openai_gpt-4.1.txt,FileNotFound
data/template-generated-raw/tier3/1074/openai_gpt-4.1.txt,FileNotFound
data/template-generated-raw/tier3/1075/openai_gpt-4.1.txt,FileNotFound
data/template-generated-raw/tier3/1077/openai_gpt-4.1.txt,FileNotFound
data/template-generated-raw/tier3/1080/openai_gpt-4.1.txt,FileNotFound
data/template-generated-raw/tier3/1083/openai_gpt-4.1.txt,FileNotFound
data/template-generated-raw/tier3/1089/openai_gpt-4.1.txt,FileNotFound
data/template-generated-raw/tier3/1092/openai_gpt-4.1.txt,FileNotFound
data/template-generated-raw/tier3/1094/openai_gpt-4.1.txt,FileNotFound
data/template-generated-raw/tier3/1095/openai_gpt-4.1.txt,FileNotFound
data/template-generated-raw/tier3/1097/openai_gpt-4.1.txt,FileNotFound
data/template-generated-raw/tier3/1098/openai_gpt-4.1.txt,FileNotFound
data/template-generated-raw/tier3/1099/openai_gpt-4.1.txt,FileNotFound
data/template-generated-raw/tier3/1103/openai_gpt-4.1.txt,FileNotFound
data/template-generated-raw/tier3/1104/openai_gpt-4.1.txt,FileNotFound
data/template-generated-raw/tier3/1105/openai_gpt-4.1.txt,FileNotFound
data/template-generated-raw/tier3/1107/openai_gpt-4.1.txt,FileNotFound
data/template-generated-raw/tier3/1108/openai_gpt-4.1.txt,FileNotFound
data/template-generated-raw/tier3/1110/openai_gpt-4.1.txt,FileNotFound
data/template-generated-raw/tier3/1112/openai_gpt-4.1.txt,FileNotFound
data/template-generated-raw/tier3/1114/openai_gpt-4.1.txt,FileNotFound
data/template-generated-raw/tier3/1117/openai_gpt-4.1.txt,FileNotFound
data/template-generated-raw/tier3/1121/openai_gpt-4.1.txt,FileNotFound
data/template-generated-raw/tier3/1125/openai_gpt-4.1.txt,FileNotFound
data/template-generated-raw/tier3/1126/openai_gpt-4.1.txt,FileNotFound
data/template-generated-raw/tier3/1128/openai_gpt-4.1.txt,FileNotFound
data/template-generated-raw/tier3/1130/openai_gpt-4.1.txt,FileNotFound
data/template-generated-raw/tier3/1132/openai_gpt-4.1.txt,FileNotFound
data/template-generated-raw/tier3/1134/openai_gpt-4.1.txt,FileNotFound
data/template-generated-raw/tier3/1140/openai_gpt-4.1.txt,FileNotFound
data/template-generated-raw/tier3/1141/openai_gpt-4.1.txt,FileNotFound
data/template-generated-raw/tier3/1148/openai_gpt-4.1.txt,FileNotFound
data/template-generated-raw/tier3/1156/openai_gpt-4.1.txt,FileNotFound
data/template-generated-raw/tier3/1157/openai_gpt-4.1.txt,FileNotFound
data/template-generated-raw/tier3/1159/openai_gpt-4.1.txt,FileNotFound
data/template-generated-raw/tier3/1162/openai_gpt-4.1.txt,FileNotFound
data/template-generated-raw/tier3/1167/openai_gpt-4.1.txt,FileNotFound
data/template-generated-raw/tier3/1172/openai_gpt-4.1.txt,FileNotFound
data/template-generated-raw/tier3/1173/openai_gpt-4.1.txt,FileNotFound
data/template-generated-raw/tier3/1174/openai_gpt-4.1.txt,FileNotFound
data/template-generated-raw/tier3/1178/openai_gpt-4.1.txt,FileNotFound
data/template-generated-raw/tier3/1179/openai_gpt-4.1.txt,FileNotFound
data/template-generated-raw/tier3/1185/openai_gpt-4.1.txt,FileNotFound
data/template-generated-raw/tier3/1189/openai_gpt-4.1.txt,FileNotFound
data/template-generated-raw/tier3/1190/openai_gpt-4.1.txt,FileNotFound
data/template-generated-raw/tier3/1192/openai_gpt-4.1.txt,FileNotFound
data/template-generated-raw/tier3/1194/openai_gpt-4.1.txt,FileNotFound
data/template-generated-raw/tier3/1196/openai_gpt-4.1.txt,FileNotFound
data/template-generated-raw/tier3/1198/openai_gpt-4.1.txt,FileNotFound
data/template-generated-raw/tier3/1199/openai_gpt-4.1.txt,FileNotFound
data/template-generated-raw/tier3/1205/openai_gpt-4.1.txt,FileNotFound
data/template-generated-raw/tier3/1208/openai_gpt-4.1.txt,FileNotFound
data/template-generated-raw/tier3/1213/openai_gpt-4.1.txt,FileNotFound
data/template-generated-raw/tier3/1215/openai_gpt-4.1.txt,FileNotFound
data/template-generated-raw/tier3/1216/openai_gpt-4.1.txt,FileNotFound
data/template-generated-raw/tier3/1217/openai_gpt-4.1.txt,FileNotFound
data/template-generated-raw/tier3/1223/openai_gpt-4.1.txt,FileNotFound
data/template-generated-raw/tier3/1225/openai_gpt-4.1.txt,FileNotFound
data/template-generated-raw/tier3/1227/openai_gpt-4.1.txt,FileNotFound
data/template-generated-raw/tier3/1228/openai_gpt-4.1.txt,FileNotFound
data/template-generated-raw/tier3/1229/openai_gpt-4.1.txt,FileNotFound
data/template-generated-raw/tier3/1231/openai_gpt-4.1.txt,FileNotFound
data/template-generated-raw/tier3/1236/openai_gpt-4.1.txt,FileNotFound
data/template-generated-raw/tier3/1237/openai_gpt-4.1.txt,FileNotFound
data/template-generated-raw/tier3/1238/openai_gpt-4.1.txt,FileNotFound
data/template-generated-raw/tier3/1243/openai_gpt-4.1.txt,FileNotFound
data/template-generated-raw/tier3/1245/openai_gpt-4.1.txt,FileNotFound
data/template-generated-raw/tier3/1246/openai_gpt-4.1.txt,FileNotFound
data/template-generated-raw/tier3/1247/openai_gpt-4.1.txt,FileNotFound
data/template-generated-raw/tier3/1248/openai_gpt-4.1.txt,FileNotFound
data/template-generated-raw/tier3/1249/openai_gpt-4.1.txt,FileNotFound
data/template-generated-raw/tier3/1252/openai_gpt-4.1.txt,FileNotFound
data/template-generated-raw/tier3/1261/openai_gpt-4.1.txt,FileNotFound
data/template-generated-raw/tier3/1263/openai_gpt-4.1.txt,FileNotFound
data/template-generated-raw/tier3/1265/openai_gpt-4.1.txt,FileNotFound
data/template-generated-raw/tier3/1268/openai_gpt-4.1.txt,FileNotFound
data/template-generated-raw/tier3/1270/openai_gpt-4.1.txt,FileNotFound
data/template-generated-raw/tier3/1271/openai_gpt-4.1.txt,FileNotFound
data/template-generated-raw/tier3/1272/openai_gpt-4.1.txt,FileNotFound
data/template-generated-raw/tier3/1274/openai_gpt-4.1.txt,FileNotFound
data/template-generated-raw/tier3/1275/openai_gpt-4.1.txt,FileNotFound
data/template-generated-raw/tier3/1277/openai_gpt-4.1.txt,FileNotFound
data/template-generated-raw/tier3/1282/openai_gpt-4.1.txt,FileNotFound
data/template-generated-raw/tier3/1284/openai_gpt-4.1.txt,FileNotFound
data/template-generated-raw/tier3/1287/openai_gpt-4.1.txt,FileNotFound
data/template-generated-raw/tier3/1290/openai_gpt-4.1.txt,FileNotFound
data/template-generated-raw/tier3/1299/openai_gpt-4.1.txt,FileNotFound
data/template-generated-raw/tier3/1305/openai_gpt-4.1.txt,FileNotFound
data/template-generated-raw/tier3/1307/openai_gpt-4.1.txt,FileNotFound
data/template-generated-raw/tier3/1308/openai_gpt-4.1.txt,FileNotFound
data/template-generated-raw/tier3/1312/openai_gpt-4.1.txt,FileNotFound
data/template-generated-raw/tier3/1314/openai_gpt-4.1.txt,FileNotFound
data/template-generated-raw/tier3/1316/openai_gpt-4.1.txt,FileNotFound
data/template-generated-raw/tier3/1321/openai_gpt-4.1.txt,FileNotFound
data/template-generated-raw/tier3/1324/openai_gpt-4.1.txt,FileNotFound
data/template-generated-raw/tier3/1325/openai_gpt-4.1.txt,FileNotFound
data/template-generated-raw/tier3/1326/openai_gpt-4.1.txt,FileNotFound
data/template-generated-raw/tier3/1327/openai_gpt-4.1.txt,FileNotFound
data/template-generated-raw/tier3/1328/openai_gpt-4.1.txt,FileNotFound
data/template-generated-raw/tier3/1333/openai_gpt-4.1.txt,FileNotFound
data/template-generated-raw/tier3/1334/openai_gpt-4.1.txt,FileNotFound
data/template-generated-raw/tier3/1336/openai_gpt-4.1.txt,FileNotFound
data/template-generated-raw/tier3/1343/openai_gpt-4.1.txt,FileNotFound
data/template-generated-raw/tier3/1345/openai_gpt-4.1.txt,FileNotFound
data/template-generated-raw/tier3/1346/openai_gpt-4.1.txt,FileNotFound
data/template-generated-raw/tier3/1348/openai_gpt-4.1.txt,FileNotFound
data/template-generated-raw/tier3/1351/openai_gpt-4.1.txt,FileNotFound
data/template-generated-raw/tier3/1353/openai_gpt-4.1.txt,FileNotFound
data/template-generated-raw/tier3/1356/openai_gpt-4.1.txt,FileNotFound
data/template-generated-raw/tier3/1359/openai_gpt-4.1.txt,FileNotFound
data/template-generated-raw/tier3/1362/openai_gpt-4.1.txt,FileNotFound
data/template-generated-raw/tier3/1370/openai_gpt-4.1.txt,FileNotFound
data/template-generated-raw/tier3/1373/openai_gpt-4.1.txt,FileNotFound
data/template-generated-raw/tier3/1374/openai_gpt-4.1.txt,FileNotFound
data/template-generated-raw/tier3/1377/openai_gpt-4.1.txt,FileNotFound
data/template-generated-raw/tier3/1378/openai_gpt-4.1.txt,FileNotFound
data/template-generated-raw/tier3/1379/openai_gpt-4.1.txt,FileNotFound
data/template-generated-raw/tier3/1380/openai_gpt-4.1.txt,FileNotFound
data/template-generated-raw/tier3/1384/openai_gpt-4.1.txt,FileNotFound
data/template-generated-raw/tier3/1385/openai_gpt-4.1.txt,FileNotFound
data/template-generated-raw/tier3/1387/openai_gpt-4.1.txt,FileNotFound
data/template-generated-raw/tier3/1392/openai_gpt-4.1.txt,FileNotFound
data/template-generated-raw/tier3/1395/openai_gpt-4.1.txt,FileNotFound
data/template-generated-raw/tier3/1397/openai_gpt-4.1.txt,FileNotFound
data/template-generated-raw/tier3/1398/openai_gpt-4.1.txt,FileNotFound
data/template-generated-raw/tier3/1401/openai_gpt-4.1.txt,FileNotFound
data/template-generated-raw/tier3/1403/openai_gpt-4.1.txt,FileNotFound
data/template-generated-raw/tier3/1405/openai_gpt-4.1.txt,FileNotFound
data/template-generated-raw/tier3/1407/openai_gpt-4.1.txt,FileNotFound
data/template-generated-raw/tier3/1408/openai_gpt-4.1.txt,FileNotFound
data/template-generated-raw/tier3/1409/openai_gpt-4.1.txt,FileNotFound
data/template-generated-raw/tier3/1410/openai_gpt-4.1.txt,FileNotFound
data/template-generated-raw/tier3/1411/openai_gpt-4.1.txt,FileNotFound
data/template-generated-raw/tier3/1412/openai_gpt-4.1.txt,FileNotFound
data/template-generated-raw/tier3/1413/openai_gpt-4.1.txt,FileNotFound
data/template-generated-raw/tier3/1416/openai_gpt-4.1.txt,FileNotFound
data/template-generated-raw/tier3/1417/openai_gpt-4.1.txt,FileNotFound
data/template-generated-raw/tier3/1422/openai_gpt-4.1.txt,FileNotFound
data/template-generated-raw/tier3/1423/openai_gpt-4.1.txt,FileNotFound
data/template-generated-raw/tier3/1426/openai_gpt-4.1.txt,FileNotFound
data/template-generated-raw/tier3/1429/openai_gpt-4.1.txt,FileNotFound
data/template-generated-raw/tier3/1431/openai_gpt-4.1.txt,FileNotFound
data/template-generated-raw/tier3/1436/openai_gpt-4.1.txt,FileNotFound
data/template-generated-raw/tier3/1438/openai_gpt-4.1.txt,FileNotFound
data/template-generated-raw/tier3/1442/openai_gpt-4.1.txt,FileNotFound
data/template-generated-raw/tier3/1443/openai_gpt-4.1.txt,FileNotFound
data/template-generated-raw/tier3/1444/openai_gpt-4.1.txt,FileNotFound
data/template-generated-raw/tier3/1445/openai_gpt-4.1.txt,FileNotFound
data/template-generated-raw/tier3/1446/openai_gpt-4.1.txt,FileNotFound
data/template-generated-raw/tier3/1447/openai_gpt-4.1.txt,FileNotFound
data/template-generated-raw/tier3/1448/openai_gpt-4.1.txt,FileNotFound
data/template-generated-raw/tier3/1450/openai_gpt-4.1.txt,FileNotFound
data/template-generated-raw/tier3/1452/openai_gpt-4.1.txt,FileNotFound
data/template-generated-raw/tier3/1453/openai_gpt-4.1.txt,FileNotFound
data/template-generated-raw/tier3/1460/openai_gpt-4.1.txt,FileNotFound
data/template-generated-raw/tier3/1462/openai_gpt-4.1.txt,FileNotFound
data/template-generated-raw/tier3/1463/openai_gpt-4.1.txt,FileNotFound
data/template-generated-raw/tier3/1465/openai_gpt-4.1.txt,FileNotFound
data/template-generated-raw/tier3/1469/openai_gpt-4.1.txt,FileNotFound
data/template-generated-raw/tier3/1470/openai_gpt-4.1.txt,FileNotFound
data/template-generated-raw/tier3/1471/openai_gpt-4.1.txt,FileNotFound
data/template-generated-raw/tier3/1474/openai_gpt-4.1.txt,FileNotFound
data/template-generated-raw/tier3/1477/openai_gpt-4.1.txt,FileNotFound
data/template-generated-raw/tier3/1479/openai_gpt-4.1.txt,FileNotFound
data/template-generated-raw/tier3/1481/openai_gpt-4.1.txt,FileNotFound
data/template-generated-raw/tier3/1483/openai_gpt-4.1.txt,FileNotFound
data/template-generated-raw/tier3/1484/openai_gpt-4.1.txt,FileNotFound
data/template-generated-raw/tier3/1485/openai_gpt-4.1.txt,FileNotFound
data/template-generated-raw/tier3/1487/openai_gpt-4.1.txt,FileNotFound
data/template-generated-raw/tier3/1488/openai_gpt-4.1.txt,FileNotFound
data/template-generated-raw/tier3/1493/openai_gpt-4.1.txt,FileNotFound
data/template-generated-raw/tier3/1497/openai_gpt-4.1.txt,FileNotFound
data/template-generated-raw/tier3/1500/openai_gpt-4.1.txt,FileNotFound
data/template-generated-raw/tier3/1503/openai_gpt-4.1.txt,FileNotFound
data/template-generated-raw/tier3/1507/openai_gpt-4.1.txt,FileNotFound
data/template-generated-raw/tier3/1509/openai_gpt-4.1.txt,FileNotFound
data/template-generated-raw/tier3/1512/openai_gpt-4.1.txt,FileNotFound
data/template-generated-raw/tier3/1513/openai_gpt-4.1.txt,FileNotFound
data/template-generated-raw/tier3/1516/openai_gpt-4.1.txt,FileNotFound
data/template-generated-raw/tier3/1518/openai_gpt-4.1.txt,FileNotFound
data/template-generated-raw/tier3/1520/openai_gpt-4.1.txt,FileNotFound
data/template-generated-raw/tier3/1521/openai_gpt-4.1.txt,FileNotFound
data/template-generated-raw/tier3/1522/openai_gpt-4.1.txt,FileNotFound
data/template-generated-raw/tier3/1523/openai_gpt-4.1.txt,FileNotFound
data/template-generated-raw/tier3/1525/openai_gpt-4.1.txt,FileNotFound
data/template-generated-raw/tier3/1529/openai_gpt-4.1.txt,FileNotFound
data/template-generated-raw/tier3/1530/openai_gpt-4.1.txt,FileNotFound
data/template-generated-raw/tier3/1531/openai_gpt-4.1.txt,FileNotFound
data/template-generated-raw/tier3/1532/openai_gpt-4.1.txt,FileNotFound
data/template-generated-raw/tier3/1533/openai_gpt-4.1.txt,FileNotFound
data/template-generated-raw/tier3/1536/openai_gpt-4.1.txt,FileNotFound
data/template-generated-raw/tier3/1539/openai_gpt-4.1.txt,FileNotFound
data/template-generated-raw/tier3/1541/openai_gpt-4.1.txt,FileNotFound
data/template-generated-raw/tier3/1543/openai_gpt-4.1.txt,FileNotFound
data/template-generated-raw/tier3/1544/openai_gpt-4.1.txt,FileNotFound
data/template-generated-raw/tier3/1546/openai_gpt-4.1.txt,FileNotFound
data/template-generated-raw/tier3/1550/openai_gpt-4.1.txt,FileNotFound
data/template-generated-raw/tier3/1551/openai_gpt-4.1.txt,FileNotFound
data/template-generated-raw/tier3/1552/openai_gpt-4.1.txt,FileNotFound
data/template-generated-raw/tier3/1554/openai_gpt-4.1.txt,FileNotFound
data/template-generated-raw/tier3/1555/openai_gpt-4.1.txt,FileNotFound
data/template-generated-raw/tier3/1556/openai_gpt-4.1.txt,FileNotFound
data/template-generated-raw/tier3/1560/openai_gpt-4.1.txt,FileNotFound
data/template-generated-raw/tier3/1561/openai_gpt-4.1.txt,FileNotFound
data/template-generated-raw/tier3/1562/openai_gpt-4.1.txt,FileNotFound
data/template-generated-raw/tier3/1567/openai_gpt-4.1.txt,FileNotFound
data/template-generated-raw/tier3/1568/openai_gpt-4.1.txt,FileNotFound
data/template-generated-raw/tier3/1569/openai_gpt-4.1.txt,FileNotFound
data/template-generated-raw/tier3/1578/openai_gpt-4.1.txt,FileNotFound
data/template-generated-raw/tier3/1579/openai_gpt-4.1.txt,FileNotFound
data/template-generated-raw/tier3/1581/openai_gpt-4.1.txt,FileNotFound
data/template-generated-raw/tier3/1586/openai_gpt-4.1.txt,FileNotFound
data/template-generated-raw/tier3/1587/openai_gpt-4.1.txt,FileNotFound
data/template-generated-raw/tier3/1588/openai_gpt-4.1.txt,FileNotFound
data/template-generated-raw/tier3/1591/openai_gpt-4.1.txt,FileNotFound
data/template-generated-raw/tier3/1592/openai_gpt-4.1.txt,FileNotFound
data/template-generated-raw/tier3/1593/openai_gpt-4.1.txt,FileNotFound
data/template-generated-raw/tier3/1601/openai_gpt-4.1.txt,FileNotFound
data/template-generated-raw/tier3/1605/openai_gpt-4.1.txt,FileNotFound
data/template-generated-raw/tier3/1607/openai_gpt-4.1.txt,FileNotFound
data/template-generated-raw/tier3/1608/openai_gpt-4.1.txt,FileNotFound
data/template-generated-raw/tier3/1609/openai_gpt-4.1.txt,FileNotFound
data/template-generated-raw/tier3/1611/openai_gpt-4.1.txt,FileNotFound
data/template-generated-raw/tier3/1616/openai_gpt-4.1.txt,FileNotFound
data/template-generated-raw/tier3/1618/openai_gpt-4.1.txt,FileNotFound
data/template-generated-raw/tier3/1620/openai_gpt-4.1.txt,FileNotFound
data/template-generated-raw/tier3/1622/openai_gpt-4.1.txt,FileNotFound
data/template-generated-raw/tier3/1623/openai_gpt-4.1.txt,FileNotFound
data/template-generated-raw/tier3/1628/openai_gpt-4.1.txt,FileNotFound
data/template-generated-raw/tier3/1628/google_gemini-2.5-flash.txt,JSONDecodeError
data/template-generated-raw/tier3/1633/openai_gpt-4.1.txt,FileNotFound
data/template-generated-raw/tier3/1634/openai_gpt-4.1.txt,FileNotFound
data/template-generated-raw/tier3/1635/openai_gpt-4.1.txt,FileNotFound
data/template-generated-raw/tier3/1638/openai_gpt-4.1.txt,FileNotFound
data/template-generated-raw/tier3/1639/openai_gpt-4.1.txt,FileNotFound
data/template-generated-raw/tier3/1642/openai_gpt-4.1.txt,FileNotFound
data/template-generated-raw/tier3/1644/openai_gpt-4.1.txt,FileNotFound
data/template-generated-raw/tier3/1646/openai_gpt-4.1.txt,FileNotFound
data/template-generated-raw/tier3/1649/openai_gpt-4.1.txt,FileNotFound
data/template-generated-raw/tier3/1651/openai_gpt-4.1.txt,FileNotFound
data/template-generated-raw/tier3/1655/openai_gpt-4.1.txt,FileNotFound
data/template-generated-raw/tier3/1657/openai_gpt-4.1.txt,FileNotFound
data/template-generated-raw/tier3/1659/openai_gpt-4.1.txt,FileNotFound
data/template-generated-raw/tier3/1662/openai_gpt-4.1.txt,FileNotFound
data/template-generated-raw/tier3/1663/openai_gpt-4.1.txt,FileNotFound
data/template-generated-raw/tier3/1664/openai_gpt-4.1.txt,FileNotFound
data/template-generated-raw/tier3/1667/openai_gpt-4.1.txt,FileNotFound
data/template-generated-raw/tier3/1670/openai_gpt-4.1.txt,FileNotFound
data/template-generated-raw/tier3/1671/openai_gpt-4.1.txt,FileNotFound
data/template-generated-raw/tier3/1676/openai_gpt-4.1.txt,FileNotFound
data/template-generated-raw/tier3/1679/openai_gpt-4.1.txt,FileNotFound
data/template-generated-raw/tier3/1682/openai_gpt-4.1.txt,FileNotFound
data/template-generated-raw/tier3/1684/openai_gpt-4.1.txt,FileNotFound
data/template-generated-raw/tier3/1689/openai_gpt-4.1.txt,FileNotFound
data/template-generated-raw/tier3/1692/openai_gpt-4.1.txt,FileNotFound
data/template-generated-raw/tier3/1693/openai_gpt-4.1.txt,FileNotFound
data/template-generated-raw/tier3/1696/openai_gpt-4.1.txt,FileNotFound
data/template-generated-raw/tier3/1697/openai_gpt-4.1.txt,FileNotFound
data/template-generated-raw/tier3/1699/openai_gpt-4.1.txt,FileNotFound
data/template-generated-raw/tier3/1700/openai_gpt-4.1.txt,FileNotFound
data/template-generated-raw/tier3/1701/openai_gpt-4.1.txt,FileNotFound
data/template-generated-raw/tier3/1702/openai_gpt-4.1.txt,FileNotFound
data/template-generated-raw/tier3/1704/openai_gpt-4.1.txt,FileNotFound
data/template-generated-raw/tier3/1708/openai_gpt-4.1.txt,FileNotFound
data/template-generated-raw/tier3/1710/openai_gpt-4.1.txt,FileNotFound
data/template-generated-raw/tier3/1712/openai_gpt-4.1.txt,FileNotFound
data/template-generated-raw/tier3/1714/openai_gpt-4.1.txt,FileNotFound
data/template-generated-raw/tier3/1717/openai_gpt-4.1.txt,FileNotFound
data/template-generated-raw/tier3/1721/openai_gpt-4.1.txt,FileNotFound
data/template-generated-raw/tier3/1722/openai_gpt-4.1.txt,FileNotFound
data/template-generated-raw/tier3/1723/openai_gpt-4.1.txt,FileNotFound
data/template-generated-raw/tier3/1724/openai_gpt-4.1.txt,FileNotFound
data/template-generated-raw/tier3/1726/openai_gpt-4.1.txt,FileNotFound
data/template-generated-raw/tier3/1729/openai_gpt-4.1.txt,FileNotFound
data/template-generated-raw/tier3/1733/openai_gpt-4.1.txt,FileNotFound
data/template-generated-raw/tier3/1736/openai_gpt-4.1.txt,FileNotFound
data/template-generated-raw/tier3/1737/openai_gpt-4.1.txt,FileNotFound
data/template-generated-raw/tier3/1739/openai_gpt-4.1.txt,FileNotFound
data/template-generated-raw/tier3/1742/openai_gpt-4.1.txt,FileNotFound
data/template-generated-raw/tier3/1745/openai_gpt-4.1.txt,FileNotFound
data/template-generated-raw/tier3/1748/openai_gpt-4.1.txt,FileNotFound
data/template-generated-raw/tier3/1749/openai_gpt-4.1.txt,FileNotFound
data/template-generated-raw/tier3/1751/openai_gpt-4.1.txt,FileNotFound
data/template-generated-raw/tier3/1754/openai_gpt-4.1.txt,FileNotFound
data/template-generated-raw/tier3/1755/openai_gpt-4.1.txt,FileNotFound
data/template-generated-raw/tier3/1759/openai_gpt-4.1.txt,FileNotFound
data/template-generated-raw/tier3/1769/openai_gpt-4.1.txt,FileNotFound
data/template-generated-raw/tier3/1770/openai_gpt-4.1.txt,FileNotFound
data/template-generated-raw/tier3/1772/openai_gpt-4.1.txt,FileNotFound
data/template-generated-raw/tier3/1775/openai_gpt-4.1.txt,FileNotFound
data/template-generated-raw/tier3/1777/openai_gpt-4.1.txt,FileNotFound
data/template-generated-raw/tier3/1783/openai_gpt-4.1.txt,FileNotFound
data/template-generated-raw/tier3/1785/openai_gpt-4.1.txt,FileNotFound
data/template-generated-raw/tier3/1786/openai_gpt-4.1.txt,FileNotFound
data/template-generated-raw/tier3/1788/openai_gpt-4.1.txt,FileNotFound
data/template-generated-raw/tier3/1791/openai_gpt-4.1.txt,FileNotFound
data/template-generated-raw/tier3/1794/openai_gpt-4.1.txt,FileNotFound
data/template-generated-raw/tier3/1795/openai_gpt-4.1.txt,FileNotFound
data/template-generated-raw/tier3/1796/openai_gpt-4.1.txt,FileNotFound
data/template-generated-raw/tier3/1801/openai_gpt-4.1.txt,FileNotFound
data/template-generated-raw/tier3/1802/openai_gpt-4.1.txt,FileNotFound
data/template-generated-raw/tier3/1803/openai_gpt-4.1.txt,FileNotFound
data/template-generated-raw/tier3/1805/openai_gpt-4.1.txt,FileNotFound
data/template-generated-raw/tier3/1807/openai_gpt-4.1.txt,FileNotFound
data/template-generated-raw/tier3/1809/openai_gpt-4.1.txt,FileNotFound
data/template-generated-raw/tier3/1810/openai_gpt-4.1.txt,FileNotFound
data/template-generated-raw/tier3/1811/openai_gpt-4.1.txt,FileNotFound
data/template-generated-raw/tier3/1814/openai_gpt-4.1.txt,FileNotFound
data/template-generated-raw/tier3/1820/openai_gpt-4.1.txt,FileNotFound
data/template-generated-raw/tier3/1821/openai_gpt-4.1.txt,FileNotFound
data/template-generated-raw/tier3/1823/openai_gpt-4.1.txt,FileNotFound
data/template-generated-raw/tier3/1824/openai_gpt-4.1.txt,FileNotFound
data/template-generated-raw/tier3/1826/openai_gpt-4.1.txt,FileNotFound
data/template-generated-raw/tier3/1833/openai_gpt-4.1.txt,FileNotFound
data/template-generated-raw/tier3/1834/openai_gpt-4.1.txt,FileNotFound
data/template-generated-raw/tier3/1840/openai_gpt-4.1.txt,FileNotFound
data/template-generated-raw/tier3/1843/openai_gpt-4.1.txt,FileNotFound
data/template-generated-raw/tier3/1848/openai_gpt-4.1.txt,FileNotFound
data/template-generated-raw/tier3/1851/openai_gpt-4.1.txt,FileNotFound
data/template-generated-raw/tier3/1852/openai_gpt-4.1.txt,FileNotFound
data/template-generated-raw/tier3/1861/openai_gpt-4.1.txt,FileNotFound
data/template-generated-raw/tier3/1862/openai_gpt-4.1.txt,FileNotFound
data/template-generated-raw/tier3/1863/openai_gpt-4.1.txt,FileNotFound
data/template-generated-raw/tier3/1866/openai_gpt-4.1.txt,FileNotFound
data/template-generated-raw/tier3/1867/openai_gpt-4.1.txt,FileNotFound
data/template-generated-raw/tier3/1869/openai_gpt-4.1.txt,FileNotFound
data/template-generated-raw/tier3/1870/openai_gpt-4.1.txt,FileNotFound
data/template-generated-raw/tier3/1879/openai_gpt-4.1.txt,FileNotFound
data/template-generated-raw/tier3/1880/openai_gpt-4.1.txt,FileNotFound
data/template-generated-raw/tier3/1883/openai_gpt-4.1.txt,FileNotFound
data/template-generated-raw/tier3/1885/openai_gpt-4.1.txt,FileNotFound
data/template-generated-raw/tier3/1886/openai_gpt-4.1.txt,FileNotFound
data/template-generated-raw/tier3/1889/openai_gpt-4.1.txt,FileNotFound
data/template-generated-raw/tier3/1890/openai_gpt-4.1.txt,FileNotFound
data/template-generated-raw/tier3/1894/openai_gpt-4.1.txt,FileNotFound
data/template-generated-raw/tier3/1895/openai_gpt-4.1.txt,FileNotFound
data/template-generated-raw/tier3/1897/openai_gpt-4.1.txt,FileNotFound
data/template-generated-raw/tier3/1898/openai_gpt-4.1.txt,FileNotFound
data/template-generated-raw/tier3/1901/openai_gpt-4.1.txt,FileNotFound
data/template-generated-raw/tier3/1902/openai_gpt-4.1.txt,FileNotFound
data/template-generated-raw/tier3/1903/openai_gpt-4.1.txt,FileNotFound
data/template-generated-raw/tier3/1904/openai_gpt-4.1.txt,FileNotFound
data/template-generated-raw/tier3/1905/openai_gpt-4.1.txt,FileNotFound
data/template-generated-raw/tier3/1906/openai_gpt-4.1.txt,FileNotFound
data/template-generated-raw/tier3/1907/openai_gpt-4.1.txt,FileNotFound
data/template-generated-raw/tier3/1911/openai_gpt-4.1.txt,FileNotFound
data/template-generated-raw/tier3/1912/openai_gpt-4.1.txt,FileNotFound
data/template-generated-raw/tier3/1917/openai_gpt-4.1.txt,FileNotFound
data/template-generated-raw/tier3/1918/openai_gpt-4.1.txt,FileNotFound
data/template-generated-raw/tier3/1921/openai_gpt-4.1.txt,FileNotFound
data/template-generated-raw/tier3/1924/openai_gpt-4.1.txt,FileNotFound
data/template-generated-raw/tier3/1926/openai_gpt-4.1.txt,FileNotFound
data/template-generated-raw/tier3/1927/openai_gpt-4.1.txt,FileNotFound
data/template-generated-raw/tier3/1929/openai_gpt-4.1.txt,FileNotFound
data/template-generated-raw/tier3/1930/openai_gpt-4.1.txt,FileNotFound
data/template-generated-raw/tier3/1931/openai_gpt-4.1.txt,FileNotFound
data/template-generated-raw/tier3/1935/openai_gpt-4.1.txt,FileNotFound
data/template-generated-raw/tier3/1938/openai_gpt-4.1.txt,FileNotFound
data/template-generated-raw/tier3/1942/openai_gpt-4.1.txt,FileNotFound
data/template-generated-raw/tier3/1947/openai_gpt-4.1.txt,FileNotFound
data/template-generated-raw/tier3/1948/openai_gpt-4.1.txt,FileNotFound
data/template-generated-raw/tier3/1950/openai_gpt-4.1.txt,FileNotFound
data/template-generated-raw/tier3/1951/openai_gpt-4.1.txt,FileNotFound
data/template-generated-raw/tier3/1952/openai_gpt-4.1.txt,FileNotFound
data/template-generated-raw/tier3/1953/openai_gpt-4.1.txt,FileNotFound
data/template-generated-raw/tier3/1958/openai_gpt-4.1.txt,FileNotFound
data/template-generated-raw/tier3/1961/openai_gpt-4.1.txt,FileNotFound
data/template-generated-raw/tier3/1963/openai_gpt-4.1.txt,FileNotFound
data/template-generated-raw/tier3/1966/openai_gpt-4.1.txt,FileNotFound
data/template-generated-raw/tier3/1970/openai_gpt-4.1.txt,FileNotFound
data/template-generated-raw/tier3/1971/openai_gpt-4.1.txt,FileNotFound
data/template-generated-raw/tier3/1972/openai_gpt-4.1.txt,FileNotFound
data/template-generated-raw/tier3/1974/openai_gpt-4.1.txt,FileNotFound
data/template-generated-raw/tier3/1985/openai_gpt-4.1.txt,FileNotFound
data/template-generated-raw/tier3/1986/openai_gpt-4.1.txt,FileNotFound
data/template-generated-raw/tier3/1987/openai_gpt-4.1.txt,FileNotFound
data/template-generated-raw/tier3/1991/openai_gpt-4.1.txt,FileNotFound
data/template-generated-raw/tier3/1992/openai_gpt-4.1.txt,FileNotFound
data/template-generated-raw/tier3/1995/openai_gpt-4.1.txt,FileNotFound
data/template-generated-raw/tier3/1997/openai_gpt-4.1.txt,FileNotFound
data/template-generated-raw/tier3/1998/openai_gpt-4.1.txt,FileNotFound
data/template-generated-raw/tier3/2000/openai_gpt-4.1.txt,FileNotFound
data/template-generated-raw/tier3/2000/google_gemini-2.5-flash.txt,JSONDecodeError
data/template-generated-raw/tier3/2001/openai_gpt-4.1.txt,FileNotFound
data/template-generated-raw/tier3/2002/openai_gpt-4.1.txt,FileNotFound
data/template-generated-raw/tier3/2003/openai_gpt-4.1.txt,FileNotFound
data/template-generated-raw/tier3/2004/openai_gpt-4.1.txt,FileNotFound
data/template-generated-raw/tier3/2005/openai_gpt-4.1.txt,FileNotFound
data/template-generated-raw/tier3/2010/openai_gpt-4.1.txt,FileNotFound
data/template-generated-raw/tier3/2011/openai_gpt-4.1.txt,FileNotFound
data/template-generated-raw/tier3/2014/openai_gpt-4.1.txt,FileNotFound
data/template-generated-raw/tier3/2017/openai_gpt-4.1.txt,FileNotFound
data/template-generated-raw/tier3/2019/openai_gpt-4.1.txt,FileNotFound
data/template-generated-raw/tier3/2020/openai_gpt-4.1.txt,FileNotFound
data/template-generated-raw/tier3/2022/openai_gpt-4.1.txt,FileNotFound
data/template-generated-raw/tier3/2028/openai_gpt-4.1.txt,FileNotFound
data/template-generated-raw/tier3/2033/openai_gpt-4.1.txt,FileNotFound
data/template-generated-raw/tier3/2036/openai_gpt-4.1.txt,FileNotFound
data/template-generated-raw/tier3/2039/openai_gpt-4.1.txt,FileNotFound
data/template-generated-raw/tier3/2040/openai_gpt-4.1.txt,FileNotFound
data/template-generated-raw/tier3/2041/openai_gpt-4.1.txt,FileNotFound
data/template-generated-raw/tier3/2042/openai_gpt-4.1.txt,FileNotFound
data/template-generated-raw/tier3/2049/openai_gpt-4.1.txt,FileNotFound
data/template-generated-raw/tier3/2052/openai_gpt-4.1.txt,FileNotFound
data/template-generated-raw/tier3/2054/openai_gpt-4.1.txt,FileNotFound
data/template-generated-raw/tier3/2056/openai_gpt-4.1.txt,FileNotFound
data/template-generated-raw/tier3/2057/openai_gpt-4.1.txt,FileNotFound
data/template-generated-raw/tier3/2066/openai_gpt-4.1.txt,FileNotFound
data/template-generated-raw/tier3/2067/openai_gpt-4.1.txt,FileNotFound
data/template-generated-raw/tier3/2070/openai_gpt-4.1.txt,FileNotFound
data/template-generated-raw/tier3/2071/openai_gpt-4.1.txt,FileNotFound
data/template-generated-raw/tier3/2073/openai_gpt-4.1.txt,FileNotFound
data/template-generated-raw/tier3/2083/openai_gpt-4.1.txt,FileNotFound
data/template-generated-raw/tier3/2087/openai_gpt-4.1.txt,FileNotFound
data/template-generated-raw/tier3/2091/openai_gpt-4.1.txt,FileNotFound
data/template-generated-raw/tier3/2093/openai_gpt-4.1.txt,FileNotFound
data/template-generated-raw/tier3/2095/openai_gpt-4.1.txt,FileNotFound
data/template-generated-raw/tier3/2096/openai_gpt-4.1.txt,FileNotFound
data/template-generated-raw/tier3/2097/openai_gpt-4.1.txt,FileNotFound
data/template-generated-raw/tier3/2098/openai_gpt-4.1.txt,FileNotFound
data/template-generated-raw/tier3/2099/openai_gpt-4.1.txt,FileNotFound
data/template-generated-raw/tier3/2101/openai_gpt-4.1.txt,FileNotFound
data/template-generated-raw/tier3/2103/openai_gpt-4.1.txt,FileNotFound
data/template-generated-raw/tier3/2107/openai_gpt-4.1.txt,FileNotFound
data/template-generated-raw/tier3/2109/openai_gpt-4.1.txt,FileNotFound
data/template-generated-raw/tier3/2111/openai_gpt-4.1.txt,FileNotFound
data/template-generated-raw/tier3/2115/openai_gpt-4.1.txt,FileNotFound
data/template-generated-raw/tier3/2117/openai_gpt-4.1.txt,FileNotFound
data/template-generated-raw/tier3/2118/openai_gpt-4.1.txt,FileNotFound
data/template-generated-raw/tier3/2119/openai_gpt-4.1.txt,FileNotFound
data/template-generated-raw/tier3/2122/openai_gpt-4.1.txt,FileNotFound
data/template-generated-raw/tier3/2123/openai_gpt-4.1.txt,FileNotFound
data/template-generated-raw/tier3/2124/openai_gpt-4.1.txt,FileNotFound
data/template-generated-raw/tier3/2127/openai_gpt-4.1.txt,FileNotFound
data/template-generated-raw/tier3/2128/openai_gpt-4.1.txt,FileNotFound
data/template-generated-raw/tier3/2129/openai_gpt-4.1.txt,FileNotFound
data/template-generated-raw/tier3/2130/openai_gpt-4.1.txt,FileNotFound
data/template-generated-raw/tier3/2131/openai_gpt-4.1.txt,FileNotFound
data/template-generated-raw/tier3/2134/openai_gpt-4.1.txt,FileNotFound
data/template-generated-raw/tier3/2136/openai_gpt-4.1.txt,FileNotFound
data/template-generated-raw/tier3/2140/openai_gpt-4.1.txt,FileNotFound
data/template-generated-raw/tier3/2141/openai_gpt-4.1.txt,FileNotFound
data/template-generated-raw/tier3/2142/openai_gpt-4.1.txt,FileNotFound
data/template-generated-raw/tier3/2145/openai_gpt-4.1.txt,FileNotFound
data/template-generated-raw/tier3/2147/openai_gpt-4.1.txt,FileNotFound
data/template-generated-raw/tier3/2149/openai_gpt-4.1.txt,FileNotFound
data/template-generated-raw/tier3/2151/openai_gpt-4.1.txt,FileNotFound
data/template-generated-raw/tier3/2152/openai_gpt-4.1.txt,FileNotFound
data/template-generated-raw/tier3/2153/openai_gpt-4.1.txt,FileNotFound
data/template-generated-raw/tier3/2154/openai_gpt-4.1.txt,FileNotFound
data/template-generated-raw/tier3/2155/openai_gpt-4.1.txt,FileNotFound
data/template-generated-raw/tier3/2157/openai_gpt-4.1.txt,FileNotFound
data/template-generated-raw/tier3/2158/openai_gpt-4.1.txt,FileNotFound
data/template-generated-raw/tier3/2162/openai_gpt-4.1.txt,FileNotFound
data/template-generated-raw/tier3/2166/openai_gpt-4.1.txt,FileNotFound
data/template-generated-raw/tier3/2168/openai_gpt-4.1.txt,FileNotFound
data/template-generated-raw/tier3/2169/openai_gpt-4.1.txt,FileNotFound
data/template-generated-raw/tier3/2172/openai_gpt-4.1.txt,FileNotFound
data/template-generated-raw/tier3/2173/openai_gpt-4.1.txt,FileNotFound
data/template-generated-raw/tier3/2174/openai_gpt-4.1.txt,FileNotFound
data/template-generated-raw/tier3/2175/openai_gpt-4.1.txt,FileNotFound
data/template-generated-raw/tier3/2176/openai_gpt-4.1.txt,FileNotFound
data/template-generated-raw/tier3/2177/openai_gpt-4.1.txt,FileNotFound
data/template-generated-raw/tier3/2178/openai_gpt-4.1.txt,FileNotFound
data/template-generated-raw/tier3/2179/openai_gpt-4.1.txt,FileNotFound
data/template-generated-raw/tier3/2180/openai_gpt-4.1.txt,FileNotFound
data/template-generated-raw/tier3/2182/openai_gpt-4.1.txt,FileNotFound
data/template-generated-raw/tier3/2187/openai_gpt-4.1.txt,FileNotFound
data/template-generated-raw/tier3/2191/openai_gpt-4.1.txt,FileNotFound
data/template-generated-raw/tier3/2198/openai_gpt-4.1.txt,FileNotFound
data/template-generated-raw/tier3/2199/openai_gpt-4.1.txt,FileNotFound
data/template-generated-raw/tier3/2202/openai_gpt-4.1.txt,FileNotFound
data/template-generated-raw/tier3/2204/openai_gpt-4.1.txt,FileNotFound
data/template-generated-raw/tier3/2205/openai_gpt-4.1.txt,FileNotFound
data/template-generated-raw/tier3/2206/openai_gpt-4.1.txt,FileNotFound
data/template-generated-raw/tier3/2210/openai_gpt-4.1.txt,FileNotFound
data/template-generated-raw/tier3/2214/openai_gpt-4.1.txt,FileNotFound
data/template-generated-raw/tier3/2215/openai_gpt-4.1.txt,FileNotFound
data/template-generated-raw/tier3/2216/openai_gpt-4.1.txt,FileNotFound
data/template-generated-raw/tier3/2217/openai_gpt-4.1.txt,FileNotFound
data/template-generated-raw/tier3/2218/openai_gpt-4.1.txt,FileNotFound
data/template-generated-raw/tier3/2220/openai_gpt-4.1.txt,FileNotFound
data/template-generated-raw/tier3/2223/openai_gpt-4.1.txt,FileNotFound
data/template-generated-raw/tier3/2224/openai_gpt-4.1.txt,FileNotFound
data/template-generated-raw/tier3/2225/openai_gpt-4.1.txt,FileNotFound
data/template-generated-raw/tier3/2226/openai_gpt-4.1.txt,FileNotFound
data/template-generated-raw/tier3/2230/openai_gpt-4.1.txt,FileNotFound
data/template-generated-raw/tier3/2231/openai_gpt-4.1.txt,FileNotFound
data/template-generated-raw/tier3/2234/openai_gpt-4.1.txt,FileNotFound
data/template-generated-raw/tier3/2237/openai_gpt-4.1.txt,FileNotFound
data/template-generated-raw/tier3/2240/openai_gpt-4.1.txt,FileNotFound
data/template-generated-raw/tier3/2242/openai_gpt-4.1.txt,FileNotFound
data/template-generated-raw/tier3/2243/openai_gpt-4.1.txt,FileNotFound
data/template-generated-raw/tier3/2246/openai_gpt-4.1.txt,FileNotFound
data/template-generated-raw/tier3/2246/google_gemini-2.5-flash.txt,JSONDecodeError
data/template-generated-raw/tier3/2248/openai_gpt-4.1.txt,FileNotFound
data/template-generated-raw/tier3/2254/openai_gpt-4.1.txt,FileNotFound
data/template-generated-raw/tier3/2255/openai_gpt-4.1.txt,FileNotFound
data/template-generated-raw/tier3/2256/openai_gpt-4.1.txt,FileNotFound
data/template-generated-raw/tier3/2257/openai_gpt-4.1.txt,FileNotFound
data/template-generated-raw/tier3/2260/openai_gpt-4.1.txt,FileNotFound
data/template-generated-raw/tier3/2261/openai_gpt-4.1.txt,FileNotFound
data/template-generated-raw/tier3/2261/google_gemini-2.5-flash.txt,JSONDecodeError
data/template-generated-raw/tier3/2262/openai_gpt-4.1.txt,FileNotFound
data/template-generated-raw/tier3/2266/openai_gpt-4.1.txt,FileNotFound
data/template-generated-raw/tier3/2267/openai_gpt-4.1.txt,FileNotFound
data/template-generated-raw/tier3/2268/openai_gpt-4.1.txt,FileNotFound
data/template-generated-raw/tier3/2269/openai_gpt-4.1.txt,FileNotFound
data/template-generated-raw/tier3/2272/openai_gpt-4.1.txt,FileNotFound
data/template-generated-raw/tier3/2275/openai_gpt-4.1.txt,FileNotFound
data/template-generated-raw/tier3/2276/openai_gpt-4.1.txt,FileNotFound
data/template-generated-raw/tier3/2278/openai_gpt-4.1.txt,FileNotFound
data/template-generated-raw/tier3/2280/openai_gpt-4.1.txt,FileNotFound
data/template-generated-raw/tier3/2282/openai_gpt-4.1.txt,FileNotFound
data/template-generated-raw/tier3/2285/openai_gpt-4.1.txt,FileNotFound
data/template-generated-raw/tier3/2286/openai_gpt-4.1.txt,FileNotFound
data/template-generated-raw/tier3/2288/openai_gpt-4.1.txt,FileNotFound
data/template-generated-raw/tier3/2292/openai_gpt-4.1.txt,FileNotFound
data/template-generated-raw/tier3/2295/openai_gpt-4.1.txt,FileNotFound
data/template-generated-raw/tier3/2301/openai_gpt-4.1.txt,FileNotFound
data/template-generated-raw/tier3/2305/openai_gpt-4.1.txt,FileNotFound
data/template-generated-raw/tier3/2310/openai_gpt-4.1.txt,FileNotFound
data/template-generated-raw/tier3/2311/openai_gpt-4.1.txt,FileNotFound
data/template-generated-raw/tier3/2312/openai_gpt-4.1.txt,FileNotFound
data/template-generated-raw/tier3/2315/openai_gpt-4.1.txt,FileNotFound
data/template-generated-raw/tier3/2316/openai_gpt-4.1.txt,FileNotFound
data/template-generated-raw/tier3/2318/openai_gpt-4.1.txt,FileNotFound
data/template-generated-raw/tier3/2319/openai_gpt-4.1.txt,FileNotFound
data/template-generated-raw/tier3/2322/openai_gpt-4.1.txt,FileNotFound
data/template-generated-raw/tier3/2330/openai_gpt-4.1.txt,FileNotFound
data/template-generated-raw/tier3/2332/openai_gpt-4.1.txt,FileNotFound
data/template-generated-raw/tier3/2333/openai_gpt-4.1.txt,FileNotFound
data/template-generated-raw/tier3/2334/openai_gpt-4.1.txt,FileNotFound
data/template-generated-raw/tier3/2335/openai_gpt-4.1.txt,FileNotFound
data/template-generated-raw/tier3/2336/openai_gpt-4.1.txt,FileNotFound
data/template-generated-raw/tier3/2341/openai_gpt-4.1.txt,FileNotFound
data/template-generated-raw/tier3/2348/openai_gpt-4.1.txt,FileNotFound
data/template-generated-raw/tier3/2349/openai_gpt-4.1.txt,FileNotFound
data/template-generated-raw/tier3/2351/openai_gpt-4.1.txt,FileNotFound
data/template-generated-raw/tier3/2352/openai_gpt-4.1.txt,FileNotFound
data/template-generated-raw/tier3/2356/openai_gpt-4.1.txt,FileNotFound
data/template-generated-raw/tier3/2357/openai_gpt-4.1.txt,FileNotFound
data/template-generated-raw/tier3/2360/openai_gpt-4.1.txt,FileNotFound
data/template-generated-raw/tier3/2363/openai_gpt-4.1.txt,FileNotFound
data/template-generated-raw/tier3/2365/openai_gpt-4.1.txt,FileNotFound
data/template-generated-raw/tier3/2366/openai_gpt-4.1.txt,FileNotFound
data/template-generated-raw/tier3/2368/openai_gpt-4.1.txt,FileNotFound
data/template-generated-raw/tier3/2371/openai_gpt-4.1.txt,FileNotFound
data/template-generated-raw/tier3/2383/openai_gpt-4.1.txt,FileNotFound
data/template-generated-raw/tier3/2384/openai_gpt-4.1.txt,FileNotFound
data/template-generated-raw/tier3/2386/openai_gpt-4.1.txt,FileNotFound
data/template-generated-raw/tier3/2389/openai_gpt-4.1.txt,FileNotFound
data/template-generated-raw/tier3/2391/openai_gpt-4.1.txt,FileNotFound
data/template-generated-raw/tier3/2396/openai_gpt-4.1.txt,FileNotFound
data/template-generated-raw/tier3/2398/openai_gpt-4.1.txt,FileNotFound
data/template-generated-raw/tier3/2399/openai_gpt-4.1.txt,FileNotFound
data/template-generated-raw/tier3/2402/openai_gpt-4.1.txt,FileNotFound
data/template-generated-raw/tier3/2405/openai_gpt-4.1.txt,FileNotFound
data/template-generated-raw/tier3/2406/openai_gpt-4.1.txt,FileNotFound
data/template-generated-raw/tier3/2412/openai_gpt-4.1.txt,FileNotFound
data/template-generated-raw/tier3/2414/openai_gpt-4.1.txt,FileNotFound
data/template-generated-raw/tier3/2415/openai_gpt-4.1.txt,FileNotFound
data/template-generated-raw/tier3/2417/openai_gpt-4.1.txt,FileNotFound
data/template-generated-raw/tier3/2419/openai_gpt-4.1.txt,FileNotFound
data/template-generated-raw/tier3/2422/openai_gpt-4.1.txt,FileNotFound
data/template-generated-raw/tier3/2427/openai_gpt-4.1.txt,FileNotFound
data/template-generated-raw/tier3/2428/openai_gpt-4.1.txt,FileNotFound
data/template-generated-raw/tier3/2431/openai_gpt-4.1.txt,FileNotFound
data/template-generated-raw/tier3/2431/google_gemini-2.5-flash.txt,JSONDecodeError
data/template-generated-raw/tier3/2432/openai_gpt-4.1.txt,FileNotFound
data/template-generated-raw/tier3/2433/openai_gpt-4.1.txt,FileNotFound
data/template-generated-raw/tier3/2434/openai_gpt-4.1.txt,FileNotFound
data/template-generated-raw/tier3/2436/openai_gpt-4.1.txt,FileNotFound
data/template-generated-raw/tier3/2440/openai_gpt-4.1.txt,FileNotFound
data/template-generated-raw/tier3/2441/openai_gpt-4.1.txt,FileNotFound
data/template-generated-raw/tier3/2447/openai_gpt-4.1.txt,FileNotFound
data/template-generated-raw/tier3/2448/openai_gpt-4.1.txt,FileNotFound
data/template-generated-raw/tier3/2450/openai_gpt-4.1.txt,FileNotFound
data/template-generated-raw/tier3/2451/openai_gpt-4.1.txt,FileNotFound
data/template-generated-raw/tier3/2454/openai_gpt-4.1.txt,FileNotFound
data/template-generated-raw/tier3/2457/openai_gpt-4.1.txt,FileNotFound
data/template-generated-raw/tier3/2458/openai_gpt-4.1.txt,FileNotFound
data/template-generated-raw/tier3/2464/openai_gpt-4.1.txt,FileNotFound
data/template-generated-raw/tier3/2465/openai_gpt-4.1.txt,FileNotFound
data/template-generated-raw/tier3/2469/openai_gpt-4.1.txt,FileNotFound
data/template-generated-raw/tier3/2472/openai_gpt-4.1.txt,FileNotFound
data/template-generated-raw/tier3/2472/google_gemini-2.5-flash.txt,JSONDecodeError
data/template-generated-raw/tier3/2473/openai_gpt-4.1.txt,FileNotFound
data/template-generated-raw/tier3/2475/openai_gpt-4.1.txt,FileNotFound
data/template-generated-raw/tier3/2478/openai_gpt-4.1.txt,FileNotFound
data/template-generated-raw/tier3/2481/openai_gpt-4.1.txt,FileNotFound
data/template-generated-raw/tier3/2488/openai_gpt-4.1.txt,FileNotFound
data/template-generated-raw/tier3/2490/openai_gpt-4.1.txt,FileNotFound
data/template-generated-raw/tier3/2493/openai_gpt-4.1.txt,FileNotFound
data/template-generated-raw/tier3/2495/openai_gpt-4.1.txt,FileNotFound
data/template-generated-raw/tier3/2496/openai_gpt-4.1.txt,FileNotFound
data/template-generated-raw/tier3/2498/openai_gpt-4.1.txt,FileNotFound
data/template-generated-raw/tier3/2506/openai_gpt-4.1.txt,FileNotFound
data/template-generated-raw/tier3/2509/openai_gpt-4.1.txt,FileNotFound
data/template-generated-raw/tier3/2514/openai_gpt-4.1.txt,FileNotFound
data/template-generated-raw/tier3/2515/openai_gpt-4.1.txt,FileNotFound
data/template-generated-raw/tier3/2516/openai_gpt-4.1.txt,FileNotFound
data/template-generated-raw/tier3/2517/openai_gpt-4.1.txt,FileNotFound
data/template-generated-raw/tier3/2518/openai_gpt-4.1.txt,FileNotFound
data/template-generated-raw/tier3/2519/openai_gpt-4.1.txt,FileNotFound
data/template-generated-raw/tier3/2520/openai_gpt-4.1.txt,FileNotFound
data/template-generated-raw/tier3/2521/openai_gpt-4.1.txt,FileNotFound
data/template-generated-raw/tier3/2523/openai_gpt-4.1.txt,FileNotFound
data/template-generated-raw/tier3/2524/openai_gpt-4.1.txt,FileNotFound
data/template-generated-raw/tier3/2530/openai_gpt-4.1.txt,FileNotFound
data/template-generated-raw/tier3/2531/openai_gpt-4.1.txt,FileNotFound
data/template-generated-raw/tier3/2533/openai_gpt-4.1.txt,FileNotFound
data/template-generated-raw/tier3/2538/openai_gpt-4.1.txt,FileNotFound
data/template-generated-raw/tier3/2541/openai_gpt-4.1.txt,FileNotFound
data/template-generated-raw/tier3/2542/openai_gpt-4.1.txt,FileNotFound
data/template-generated-raw/tier3/2543/openai_gpt-4.1.txt,FileNotFound
data/template-generated-raw/tier3/2544/openai_gpt-4.1.txt,FileNotFound
data/template-generated-raw/tier3/2547/openai_gpt-4.1.txt,FileNotFound
data/template-generated-raw/tier3/2548/openai_gpt-4.1.txt,FileNotFound
data/template-generated-raw/tier3/2549/openai_gpt-4.1.txt,FileNotFound
data/template-generated-raw/tier3/2550/openai_gpt-4.1.txt,FileNotFound
data/template-generated-raw/tier3/2551/openai_gpt-4.1.txt,FileNotFound
data/template-generated-raw/tier3/2552/openai_gpt-4.1.txt,FileNotFound
data/template-generated-raw/tier3/2558/openai_gpt-4.1.txt,FileNotFound
data/template-generated-raw/tier3/2559/openai_gpt-4.1.txt,FileNotFound
data/template-generated-raw/tier3/2560/openai_gpt-4.1.txt,FileNotFound
data/template-generated-raw/tier3/2561/openai_gpt-4.1.txt,FileNotFound
data/template-generated-raw/tier3/2562/openai_gpt-4.1.txt,FileNotFound
data/template-generated-raw/tier3/2563/openai_gpt-4.1.txt,FileNotFound
data/template-generated-raw/tier3/2565/openai_gpt-4.1.txt,FileNotFound
data/template-generated-raw/tier3/2566/openai_gpt-4.1.txt,FileNotFound
data/template-generated-raw/tier3/2569/openai_gpt-4.1.txt,FileNotFound
data/template-generated-raw/tier3/2572/openai_gpt-4.1.txt,FileNotFound
data/template-generated-raw/tier3/2573/openai_gpt-4.1.txt,FileNotFound
data/template-generated-raw/tier3/2574/openai_gpt-4.1.txt,FileNotFound
data/template-generated-raw/tier3/2580/openai_gpt-4.1.txt,FileNotFound
data/template-generated-raw/tier3/2583/openai_gpt-4.1.txt,FileNotFound
data/template-generated-raw/tier3/2586/openai_gpt-4.1.txt,FileNotFound
data/template-generated-raw/tier3/2588/openai_gpt-4.1.txt,FileNotFound
data/template-generated-raw/tier3/2589/openai_gpt-4.1.txt,FileNotFound
data/template-generated-raw/tier3/2590/openai_gpt-4.1.txt,FileNotFound
data/template-generated-raw/tier3/2595/openai_gpt-4.1.txt,FileNotFound
data/template-generated-raw/tier3/2596/openai_gpt-4.1.txt,FileNotFound
data/template-generated-raw/tier3/2597/openai_gpt-4.1.txt,FileNotFound
data/template-generated-raw/tier3/2598/openai_gpt-4.1.txt,FileNotFound
data/template-generated-raw/tier3/2599/openai_gpt-4.1.txt,FileNotFound
data/template-generated-raw/tier3/2602/openai_gpt-4.1.txt,FileNotFound
data/template-generated-raw/tier3/2607/openai_gpt-4.1.txt,FileNotFound
data/template-generated-raw/tier3/2609/openai_gpt-4.1.txt,FileNotFound
data/template-generated-raw/tier3/2610/openai_gpt-4.1.txt,FileNotFound
data/template-generated-raw/tier3/2612/openai_gpt-4.1.txt,FileNotFound
data/template-generated-raw/tier3/2613/openai_gpt-4.1.txt,FileNotFound
data/template-generated-raw/tier3/2614/openai_gpt-4.1.txt,FileNotFound
data/template-generated-raw/tier3/2615/openai_gpt-4.1.txt,FileNotFound
data/template-generated-raw/tier3/2617/openai_gpt-4.1.txt,FileNotFound
data/template-generated-raw/tier3/2617/google_gemini-2.5-flash.txt,JSONDecodeError
data/template-generated-raw/tier3/2619/openai_gpt-4.1.txt,FileNotFound
data/template-generated-raw/tier3/2620/openai_gpt-4.1.txt,FileNotFound
data/template-generated-raw/tier3/2622/openai_gpt-4.1.txt,FileNotFound
data/template-generated-raw/tier3/2624/openai_gpt-4.1.txt,FileNotFound
data/template-generated-raw/tier3/2628/openai_gpt-4.1.txt,FileNotFound
data/template-generated-raw/tier3/2630/openai_gpt-4.1.txt,FileNotFound
data/template-generated-raw/tier3/2633/openai_gpt-4.1.txt,FileNotFound
data/template-generated-raw/tier3/2634/openai_gpt-4.1.txt,FileNotFound
data/template-generated-raw/tier3/2637/openai_gpt-4.1.txt,FileNotFound
data/template-generated-raw/tier3/2640/openai_gpt-4.1.txt,FileNotFound
data/template-generated-raw/tier3/2644/openai_gpt-4.1.txt,FileNotFound
data/template-generated-raw/tier3/2648/openai_gpt-4.1.txt,FileNotFound
data/template-generated-raw/tier3/2651/openai_gpt-4.1.txt,FileNotFound
data/template-generated-raw/tier3/2653/openai_gpt-4.1.txt,FileNotFound
data/template-generated-raw/tier3/2654/openai_gpt-4.1.txt,FileNotFound
data/template-generated-raw/tier3/2655/openai_gpt-4.1.txt,FileNotFound
data/template-generated-raw/tier3/2655/google_gemini-2.5-flash.txt,JSONDecodeError
data/template-generated-raw/tier3/2656/openai_gpt-4.1.txt,FileNotFound
data/template-generated-raw/tier3/2658/openai_gpt-4.1.txt,FileNotFound
data/template-generated-raw/tier3/2660/openai_gpt-4.1.txt,FileNotFound
data/template-generated-raw/tier3/2665/openai_gpt-4.1.txt,FileNotFound
data/template-generated-raw/tier3/2666/openai_gpt-4.1.txt,FileNotFound
data/template-generated-raw/tier3/2667/openai_gpt-4.1.txt,FileNotFound
data/template-generated-raw/tier3/2672/openai_gpt-4.1.txt,FileNotFound
data/template-generated-raw/tier3/2676/openai_gpt-4.1.txt,FileNotFound
data/template-generated-raw/tier3/2677/openai_gpt-4.1.txt,FileNotFound
data/template-generated-raw/tier3/2678/openai_gpt-4.1.txt,FileNotFound
data/template-generated-raw/tier3/2679/openai_gpt-4.1.txt,FileNotFound
data/template-generated-raw/tier3/2682/openai_gpt-4.1.txt,FileNotFound
data/template-generated-raw/tier3/2684/openai_gpt-4.1.txt,FileNotFound
data/template-generated-raw/tier3/2690/openai_gpt-4.1.txt,FileNotFound
data/template-generated-raw/tier3/2691/openai_gpt-4.1.txt,FileNotFound
data/template-generated-raw/tier3/2694/openai_gpt-4.1.txt,FileNotFound
data/template-generated-raw/tier3/2696/openai_gpt-4.1.txt,FileNotFound
data/template-generated-raw/tier3/2697/openai_gpt-4.1.txt,FileNotFound
data/template-generated-raw/tier3/2698/openai_gpt-4.1.txt,FileNotFound
data/template-generated-raw/tier3/2700/openai_gpt-4.1.txt,FileNotFound
data/template-generated-raw/tier3/2704/openai_gpt-4.1.txt,FileNotFound
data/template-generated-raw/tier3/2707/openai_gpt-4.1.txt,FileNotFound
data/template-generated-raw/tier3/2709/openai_gpt-4.1.txt,FileNotFound
data/template-generated-raw/tier3/2711/openai_gpt-4.1.txt,FileNotFound
data/template-generated-raw/tier3/2715/openai_gpt-4.1.txt,FileNotFound
data/template-generated-raw/tier3/2722/openai_gpt-4.1.txt,FileNotFound
data/template-generated-raw/tier3/2723/openai_gpt-4.1.txt,FileNotFound
data/template-generated-raw/tier3/2724/openai_gpt-4.1.txt,FileNotFound
data/template-generated-raw/tier3/2725/openai_gpt-4.1.txt,FileNotFound
data/template-generated-raw/tier3/2726/openai_gpt-4.1.txt,FileNotFound
data/template-generated-raw/tier3/2727/openai_gpt-4.1.txt,FileNotFound
data/template-generated-raw/tier3/2728/openai_gpt-4.1.txt,FileNotFound
data/template-generated-raw/tier3/2730/openai_gpt-4.1.txt,FileNotFound
data/template-generated-raw/tier3/2742/openai_gpt-4.1.txt,FileNotFound
data/template-generated-raw/tier3/2744/openai_gpt-4.1.txt,FileNotFound
data/template-generated-raw/tier3/2748/openai_gpt-4.1.txt,FileNotFound
data/template-generated-raw/tier3/2750/openai_gpt-4.1.txt,FileNotFound
data/template-generated-raw/tier3/2757/openai_gpt-4.1.txt,FileNotFound
data/template-generated-raw/tier3/2758/openai_gpt-4.1.txt,FileNotFound
data/template-generated-raw/tier3/2759/openai_gpt-4.1.txt,FileNotFound
data/template-generated-raw/tier3/2760/openai_gpt-4.1.txt,FileNotFound
data/template-generated-raw/tier3/2761/openai_gpt-4.1.txt,FileNotFound
data/template-generated-raw/tier3/2764/openai_gpt-4.1.txt,FileNotFound
data/template-generated-raw/tier3/2768/openai_gpt-4.1.txt,FileNotFound
data/template-generated-raw/tier3/2771/openai_gpt-4.1.txt,FileNotFound
data/template-generated-raw/tier3/2774/openai_gpt-4.1.txt,FileNotFound
data/template-generated-raw/tier3/2775/openai_gpt-4.1.txt,FileNotFound
data/template-generated-raw/tier3/2777/openai_gpt-4.1.txt,FileNotFound
data/template-generated-raw/tier3/2778/openai_gpt-4.1.txt,FileNotFound
data/template-generated-raw/tier3/2781/openai_gpt-4.1.txt,FileNotFound
data/template-generated-raw/tier3/2782/openai_gpt-4.1.txt,FileNotFound
data/template-generated-raw/tier3/2783/openai_gpt-4.1.txt,FileNotFound
data/template-generated-raw/tier3/2788/openai_gpt-4.1.txt,FileNotFound
data/template-generated-raw/tier3/2792/openai_gpt-4.1.txt,FileNotFound
data/template-generated-raw/tier3/2797/openai_gpt-4.1.txt,FileNotFound
data/template-generated-raw/tier3/2799/openai_gpt-4.1.txt,FileNotFound
data/template-generated-raw/tier3/2801/openai_gpt-4.1.txt,FileNotFound
data/template-generated-raw/tier3/2804/openai_gpt-4.1.txt,FileNotFound
data/template-generated-raw/tier3/2811/openai_gpt-4.1.txt,FileNotFound
data/template-generated-raw/tier3/2813/openai_gpt-4.1.txt,FileNotFound
data/template-generated-raw/tier3/2814/openai_gpt-4.1.txt,FileNotFound
data/template-generated-raw/tier3/2817/openai_gpt-4.1.txt,FileNotFound
data/template-generated-raw/tier3/2818/openai_gpt-4.1.txt,FileNotFound
data/template-generated-raw/tier3/2819/openai_gpt-4.1.txt,FileNotFound
data/template-generated-raw/tier3/2821/openai_gpt-4.1.txt,FileNotFound
data/template-generated-raw/tier3/2823/openai_gpt-4.1.txt,FileNotFound
data/template-generated-raw/tier3/2825/openai_gpt-4.1.txt,FileNotFound
data/template-generated-raw/tier3/2827/openai_gpt-4.1.txt,FileNotFound
data/template-generated-raw/tier3/2828/openai_gpt-4.1.txt,FileNotFound
data/template-generated-raw/tier3/2829/openai_gpt-4.1.txt,FileNotFound
data/template-generated-raw/tier3/2831/openai_gpt-4.1.txt,FileNotFound
data/template-generated-raw/tier3/2833/openai_gpt-4.1.txt,FileNotFound
data/template-generated-raw/tier3/2835/openai_gpt-4.1.txt,FileNotFound
data/template-generated-raw/tier3/2839/openai_gpt-4.1.txt,FileNotFound
data/template-generated-raw/tier3/2840/openai_gpt-4.1.txt,FileNotFound
data/template-generated-raw/tier3/2848/openai_gpt-4.1.txt,FileNotFound
data/template-generated-raw/tier3/2850/openai_gpt-4.1.txt,FileNotFound
data/template-generated-raw/tier3/2852/openai_gpt-4.1.txt,FileNotFound
data/template-generated-raw/tier3/2856/openai_gpt-4.1.txt,FileNotFound
data/template-generated-raw/tier3/2858/openai_gpt-4.1.txt,FileNotFound
data/template-generated-raw/tier3/2859/openai_gpt-4.1.txt,FileNotFound
data/template-generated-raw/tier3/2860/openai_gpt-4.1.txt,FileNotFound
data/template-generated-raw/tier3/2861/openai_gpt-4.1.txt,FileNotFound
data/template-generated-raw/tier3/2863/openai_gpt-4.1.txt,FileNotFound
data/template-generated-raw/tier3/2864/openai_gpt-4.1.txt,FileNotFound
data/template-generated-raw/tier3/2865/openai_gpt-4.1.txt,FileNotFound
data/template-generated-raw/tier3/2866/openai_gpt-4.1.txt,FileNotFound
data/template-generated-raw/tier3/2867/openai_gpt-4.1.txt,FileNotFound
data/template-generated-raw/tier3/2870/openai_gpt-4.1.txt,FileNotFound
data/template-generated-raw/tier3/2874/openai_gpt-4.1.txt,FileNotFound
data/template-generated-raw/tier3/2875/openai_gpt-4.1.txt,FileNotFound
data/template-generated-raw/tier3/2877/openai_gpt-4.1.txt,FileNotFound
data/template-generated-raw/tier3/2879/openai_gpt-4.1.txt,FileNotFound
data/template-generated-raw/tier3/2881/openai_gpt-4.1.txt,FileNotFound
data/template-generated-raw/tier3/2882/openai_gpt-4.1.txt,FileNotFound
data/template-generated-raw/tier3/2883/openai_gpt-4.1.txt,FileNotFound
data/template-generated-raw/tier3/2886/openai_gpt-4.1.txt,FileNotFound
data/template-generated-raw/tier3/2890/openai_gpt-4.1.txt,FileNotFound
data/template-generated-raw/tier3/2891/openai_gpt-4.1.txt,FileNotFound
data/template-generated-raw/tier3/2892/openai_gpt-4.1.txt,FileNotFound
data/template-generated-raw/tier3/2895/openai_gpt-4.1.txt,FileNotFound
data/template-generated-raw/tier3/2896/openai_gpt-4.1.txt,FileNotFound
data/template-generated-raw/tier3/2898/openai_gpt-4.1.txt,FileNotFound
data/template-generated-raw/tier3/2901/openai_gpt-4.1.txt,FileNotFound
data/template-generated-raw/tier3/2902/openai_gpt-4.1.txt,FileNotFound
data/template-generated-raw/tier3/2907/openai_gpt-4.1.txt,FileNotFound
data/template-generated-raw/tier3/2908/openai_gpt-4.1.txt,FileNotFound
data/template-generated-raw/tier3/2910/openai_gpt-4.1.txt,FileNotFound
data/template-generated-raw/tier3/2911/openai_gpt-4.1.txt,FileNotFound
data/template-generated-raw/tier3/2913/openai_gpt-4.1.txt,FileNotFound
data/template-generated-raw/tier3/2914/openai_gpt-4.1.txt,FileNotFound
data/template-generated-raw/tier3/2915/openai_gpt-4.1.txt,FileNotFound
data/template-generated-raw/tier3/2917/openai_gpt-4.1.txt,FileNotFound
data/template-generated-raw/tier3/2920/openai_gpt-4.1.txt,FileNotFound
data/template-generated-raw/tier3/2920/google_gemini-2.5-flash.txt,JSONDecodeError
data/template-generated-raw/tier3/2922/openai_gpt-4.1.txt,FileNotFound
data/template-generated-raw/tier3/2924/openai_gpt-4.1.txt,FileNotFound
data/template-generated-raw/tier3/2926/openai_gpt-4.1.txt,FileNotFound
data/template-generated-raw/tier3/2927/openai_gpt-4.1.txt,FileNotFound
data/template-generated-raw/tier3/2931/openai_gpt-4.1.txt,FileNotFound
data/template-generated-raw/tier3/2934/openai_gpt-4.1.txt,FileNotFound
data/template-generated-raw/tier3/2936/openai_gpt-4.1.txt,FileNotFound
data/template-generated-raw/tier3/2944/openai_gpt-4.1.txt,FileNotFound
data/template-generated-raw/tier3/2945/openai_gpt-4.1.txt,FileNotFound
data/template-generated-raw/tier3/2952/openai_gpt-4.1.txt,FileNotFound
data/template-generated-raw/tier3/2953/openai_gpt-4.1.txt,FileNotFound
data/template-generated-raw/tier3/2956/openai_gpt-4.1.txt,FileNotFound
data/template-generated-raw/tier3/2958/openai_gpt-4.1.txt,FileNotFound
data/template-generated-raw/tier3/2959/openai_gpt-4.1.txt,FileNotFound
data/template-generated-raw/tier3/2960/openai_gpt-4.1.txt,FileNotFound
data/template-generated-raw/tier3/2961/openai_gpt-4.1.txt,FileNotFound
data/template-generated-raw/tier3/2964/openai_gpt-4.1.txt,FileNotFound
data/template-generated-raw/tier3/2965/openai_gpt-4.1.txt,FileNotFound
data/template-generated-raw/tier3/2966/openai_gpt-4.1.txt,FileNotFound
data/template-generated-raw/tier3/2968/openai_gpt-4.1.txt,FileNotFound
data/template-generated-raw/tier3/2970/openai_gpt-4.1.txt,FileNotFound
data/template-generated-raw/tier3/2973/openai_gpt-4.1.txt,FileNotFound
data/template-generated-raw/tier3/2975/openai_gpt-4.1.txt,FileNotFound
data/template-generated-raw/tier3/2976/openai_gpt-4.1.txt,FileNotFound
data/template-generated-raw/tier3/2977/openai_gpt-4.1.txt,FileNotFound
data/template-generated-raw/tier3/2980/openai_gpt-4.1.txt,FileNotFound
data/template-generated-raw/tier3/2982/openai_gpt-4.1.txt,FileNotFound
data/template-generated-raw/tier3/2983/openai_gpt-4.1.txt,FileNotFound
data/template-generated-raw/tier3/2985/openai_gpt-4.1.txt,FileNotFound
data/template-generated-raw/tier3/2986/openai_gpt-4.1.txt,FileNotFound
data/template-generated-raw/tier3/2988/openai_gpt-4.1.txt,FileNotFound
data/template-generated-raw/tier3/2989/openai_gpt-4.1.txt,FileNotFound
data/template-generated-raw/tier3/2992/openai_gpt-4.1.txt,FileNotFound
data/template-generated-raw/tier3/2995/openai_gpt-4.1.txt,FileNotFound
data/template-generated-raw/tier3/2997/openai_gpt-4.1.txt,FileNotFound
data/template-generated-raw/tier3/2998/openai_gpt-4.1.txt,FileNotFound
data/template-generated-raw/tier3/2999/openai_gpt-4.1.txt,FileNotFound
data/template-generated-raw/tier3/3000/openai_gpt-4.1.txt,FileNotFound
data/template-generated-raw/tier4/198/google_gemini-2.5-flash.txt,JSONDecodeError
data/template-generated-raw/tier4/261/google_gemini-2.5-flash.txt,JSONDecodeError
data/template-generated-raw/tier4/442/google_gemini-2.5-flash.txt,JSONDecodeError
data/template-generated-raw/tier4/1081/google_gemini-2.5-flash.txt,JSONDecodeError
data/template-generated-raw/tier4/2937/google_gemini-2.5-flash.txt,JSONDecodeError
